{
  "Back to Back Buckeye Natty": {
    "skill_level": 0.674025974025974,
    "crowd_following": 0.5,
    "confidence_following": 0.48051948051948046,
    "accuracy": 0.6233766233766234,
    "efficiency": 0.7196850393700788,
    "weeks_played": 5,
    "total_picks": 77
  },
  "OneNDone": {
    "skill_level": 0.7288288288288288,
    "crowd_following": 0.5,
    "confidence_following": 0.47147147147147145,
    "accuracy": 0.7147147147147147,
    "efficiency": 0.7430581266197704,
    "weeks_played": 22,
    "total_picks": 333
  },
  "Sixto23": {
    "skill_level": 0.6818181818181818,
    "crowd_following": 0.5,
    "confidence_following": 0.48051948051948046,
    "accuracy": 0.6363636363636364,
    "efficiency": 0.699685534591195,
    "weeks_played": 5,
    "total_picks": 77
  },
  "RICHDOG !!!!!!": {
    "skill_level": 0.7048632218844985,
    "crowd_following": 0.5,
    "confidence_following": 0.46808510638297873,
    "accuracy": 0.6747720364741642,
    "efficiency": 0.7195806813927368,
    "weeks_played": 22,
    "total_picks": 329
  },
  "Mskrlac": {
    "skill_level": 0.6974025974025974,
    "crowd_following": 0.5,
    "confidence_following": 0.48051948051948046,
    "accuracy": 0.6623376623376623,
    "efficiency": 0.7275590551181103,
    "weeks_played": 5,
    "total_picks": 77
  },
  "Rent\u2019s Due Again": {
    "skill_level": 0.6663157894736842,
    "crowd_following": 0.5,
    "confidence_following": 0.4631578947368421,
    "accuracy": 0.6105263157894737,
    "efficiency": 0.6675313445741461,
    "weeks_played": 22,
    "total_picks": 285
  },
  "Boats N Hoes": {
    "skill_level": 0.7184210526315788,
    "crowd_following": 0.5,
    "confidence_following": 0.48684210526315785,
    "accuracy": 0.6973684210526315,
    "efficiency": 0.7169811320754716,
    "weeks_played": 5,
    "total_picks": 76
  },
  "Forchione": {
    "skill_level": 0.6818181818181818,
    "crowd_following": 0.5,
    "confidence_following": 0.49350649350649345,
    "accuracy": 0.6363636363636364,
    "efficiency": 0.7021943573667712,
    "weeks_played": 5,
    "total_picks": 77
  },
  "ShowMeYourTDs": {
    "skill_level": 0.677710843373494,
    "crowd_following": 0.5,
    "confidence_following": 0.4698795180722891,
    "accuracy": 0.6295180722891566,
    "efficiency": 0.709366901147723,
    "weeks_played": 22,
    "total_picks": 332
  },
  "KRAHNSKI": {
    "skill_level": 0.7207792207792207,
    "crowd_following": 0.5,
    "confidence_following": 0.48051948051948046,
    "accuracy": 0.7012987012987013,
    "efficiency": 0.75,
    "weeks_played": 5,
    "total_picks": 77
  },
  "Dardanes": {
    "skill_level": 0.6710526315789473,
    "crowd_following": 0.5,
    "confidence_following": 0.4736842105263158,
    "accuracy": 0.618421052631579,
    "efficiency": 0.7018927444794952,
    "weeks_played": 5,
    "total_picks": 76
  },
  "VT": {
    "skill_level": 0.7263157894736842,
    "crowd_following": 0.5,
    "confidence_following": 0.48684210526315785,
    "accuracy": 0.7105263157894737,
    "efficiency": 0.757527733755943,
    "weeks_played": 5,
    "total_picks": 76
  },
  "Lenny": {
    "skill_level": 0.6662337662337662,
    "crowd_following": 0.5,
    "confidence_following": 0.4805194805194805,
    "accuracy": 0.6103896103896104,
    "efficiency": 0.6373456790123457,
    "weeks_played": 5,
    "total_picks": 77
  },
  "Ben\u2019s Bears": {
    "skill_level": 0.6662337662337662,
    "crowd_following": 0.5,
    "confidence_following": 0.49350649350649345,
    "accuracy": 0.6103896103896104,
    "efficiency": 0.6844583987441131,
    "weeks_played": 5,
    "total_picks": 77
  },
  "Hennything Possible": {
    "skill_level": 0.7228915662650602,
    "crowd_following": 0.5,
    "confidence_following": 0.47289156626506024,
    "accuracy": 0.7048192771084337,
    "efficiency": 0.7356108429261047,
    "weeks_played": 22,
    "total_picks": 332
  },
  "Hands Up": {
    "skill_level": 0.6896103896103896,
    "crowd_following": 0.5,
    "confidence_following": 0.49350649350649345,
    "accuracy": 0.6493506493506493,
    "efficiency": 0.7205651491365777,
    "weeks_played": 5,
    "total_picks": 77
  },
  "Bucky Swirving": {
    "skill_level": 0.718018018018018,
    "crowd_following": 0.5,
    "confidence_following": 0.47447447447447444,
    "accuracy": 0.6966966966966966,
    "efficiency": 0.7491675915649278,
    "weeks_played": 22,
    "total_picks": 333
  },
  "Fishy Picks": {
    "skill_level": 0.7126126126126127,
    "crowd_following": 0.5,
    "confidence_following": 0.47447447447447444,
    "accuracy": 0.6876876876876877,
    "efficiency": 0.746301775147929,
    "weeks_played": 22,
    "total_picks": 333
  },
  "DADDY YANKEE": {
    "skill_level": 0.7187311178247734,
    "crowd_following": 0.5,
    "confidence_following": 0.4712990936555891,
    "accuracy": 0.6978851963746223,
    "efficiency": 0.7260223048327138,
    "weeks_played": 22,
    "total_picks": 331
  },
  "Brock": {
    "skill_level": 0.7216216216216216,
    "crowd_following": 0.5,
    "confidence_following": 0.47447447447447444,
    "accuracy": 0.7027027027027027,
    "efficiency": 0.7491675915649278,
    "weeks_played": 22,
    "total_picks": 333
  },
  "Gman": {
    "skill_level": 0.6662337662337662,
    "crowd_following": 0.5,
    "confidence_following": 0.48051948051948046,
    "accuracy": 0.6103896103896104,
    "efficiency": 0.6708661417322834,
    "weeks_played": 5,
    "total_picks": 77
  },
  "dbalz": {
    "skill_level": 0.6974025974025974,
    "crowd_following": 0.5,
    "confidence_following": 0.48051948051948046,
    "accuracy": 0.6623376623376623,
    "efficiency": 0.7122641509433962,
    "weeks_played": 5,
    "total_picks": 77
  },
  "Comeback Szn": {
    "skill_level": 0.6789473684210525,
    "crowd_following": 0.5,
    "confidence_following": 0.48684210526315785,
    "accuracy": 0.631578947368421,
    "efficiency": 0.6949685534591195,
    "weeks_played": 5,
    "total_picks": 76
  },
  "Piru\u2019s Picks": {
    "skill_level": 0.6963963963963964,
    "crowd_following": 0.5,
    "confidence_following": 0.47447447447447444,
    "accuracy": 0.6606606606606606,
    "efficiency": 0.7269700332963374,
    "weeks_played": 22,
    "total_picks": 333
  },
  "JK": {
    "skill_level": 0.6863013698630137,
    "crowd_following": 0.5,
    "confidence_following": 0.4657534246575342,
    "accuracy": 0.6438356164383562,
    "efficiency": 0.6872037914691943,
    "weeks_played": 5,
    "total_picks": 73
  },
  "BIZARRO PICKS": {
    "skill_level": 0.6473684210526316,
    "crowd_following": 0.5,
    "confidence_following": 0.4736842105263158,
    "accuracy": 0.5789473684210527,
    "efficiency": 0.5905511811023622,
    "weeks_played": 5,
    "total_picks": 76
  },
  "Ballbusters": {
    "skill_level": 0.7060422960725076,
    "crowd_following": 0.5,
    "confidence_following": 0.46827794561933533,
    "accuracy": 0.676737160120846,
    "efficiency": 0.7376806224527602,
    "weeks_played": 22,
    "total_picks": 331
  },
  "Mopar": {
    "skill_level": 0.6963963963963964,
    "crowd_following": 0.5,
    "confidence_following": 0.47447447447447444,
    "accuracy": 0.6606606606606606,
    "efficiency": 0.7206807251202367,
    "weeks_played": 22,
    "total_picks": 333
  },
  "OB1": {
    "skill_level": 0.6879154078549848,
    "crowd_following": 0.5,
    "confidence_following": 0.4712990936555891,
    "accuracy": 0.6465256797583081,
    "efficiency": 0.7149237067361369,
    "weeks_played": 22,
    "total_picks": 331
  },
  "Brown$ 42": {
    "skill_level": 0.6896103896103896,
    "crowd_following": 0.5,
    "confidence_following": 0.4805194805194805,
    "accuracy": 0.6493506493506493,
    "efficiency": 0.7120743034055728,
    "weeks_played": 5,
    "total_picks": 77
  },
  "Johnsonmaia06": {
    "skill_level": 0.713855421686747,
    "crowd_following": 0.5,
    "confidence_following": 0.46987951807228917,
    "accuracy": 0.6897590361445783,
    "efficiency": 0.7207743857036486,
    "weeks_played": 22,