{
  "ShowMeYourTDs": {
    "skill_level": 0.6717647058823529,
    "crowd_following": 0.5,
    "confidence_following": 0.4666666666666667,
    "accuracy": 0.6196078431372549,
    "efficiency": 0.7079903147699758,
    "weeks_played": 17,
    "total_picks": 255
  },
  "9 Inches": {
    "skill_level": 0.7127999999999999,
    "crowd_following": 0.5,
    "confidence_following": 0.468,
    "accuracy": 0.688,
    "efficiency": 0.7309417040358744,
    "weeks_played": 17,
    "total_picks": 250
  },
  "Fishy Picks": {
    "skill_level": 0.71953125,
    "crowd_following": 0.5,
    "confidence_following": 0.46875,
    "accuracy": 0.69921875,
    "efficiency": 0.7599225556631172,
    "weeks_played": 17,
    "total_picks": 256
  },
  "RICHDOG !!!!!!": {
    "skill_level": 0.7071428571428571,
    "crowd_following": 0.5,
    "confidence_following": 0.46031746031746035,
    "accuracy": 0.6785714285714286,
    "efficiency": 0.7212389380530974,
    "weeks_played": 17,
    "total_picks": 252
  },
  "DADDY YANKEE": {
    "skill_level": 0.7228346456692913,
    "crowd_following": 0.5,
    "confidence_following": 0.4645669291338582,
    "accuracy": 0.7047244094488189,
    "efficiency": 0.7250121891760117,
    "weeks_played": 17,
    "total_picks": 254
  },
  "Brock": {
    "skill_level": 0.72890625,
    "crowd_following": 0.5,
    "confidence_following": 0.46875,
    "accuracy": 0.71484375,
    "efficiency": 0.755566311713456,
    "weeks_played": 17,
    "total_picks": 256
  },
  "Firman's Educated Guesses": {
    "skill_level": 0.6035294117647059,
    "crowd_following": 0.5,
    "confidence_following": 0.4666666666666667,
    "accuracy": 0.5058823529411764,
    "efficiency": 0.5263922518159806,
    "weeks_played": 17,
    "total_picks": 255
  },
  "Hands Up": {
    "skill_level": 0.7124999999999999,
    "crowd_following": 0.5,
    "confidence_following": 0.46875,
    "accuracy": 0.6875,
    "efficiency": 0.749636803874092,
    "weeks_played": 17,
    "total_picks": 256
  },
  "Boats N Hoes": {
    "skill_level": 0.7117647058823529,
    "crowd_following": 0.5,
    "confidence_following": 0.4666666666666667,
    "accuracy": 0.6862745098039216,
    "efficiency": 0.7429268292682927,
    "weeks_played": 17,
    "total_picks": 255
  },
  "Fast Eddie": {
    "skill_level": 0.7150197628458498,
    "crowd_following": 0.5,
    "confidence_following": 0.4624505928853755,
    "accuracy": 0.691699604743083,
    "efficiency": 0.7546341463414634,
    "weeks_played": 17,
    "total_picks": 253
  },
  "thol1572": {
    "skill_level": 0.7153846153846153,
    "crowd_following": 0.5,
    "confidence_following": 0.4666666666666667,
    "accuracy": 0.6923076923076923,
    "efficiency": 0.7149178255372945,
    "weeks_played": 17,
    "total_picks": 195
  },
  "OB1": {
    "skill_level": 0.6929411764705882,
    "crowd_following": 0.5,
    "confidence_following": 0.4666666666666667,
    "accuracy": 0.6549019607843137,
    "efficiency": 0.7249394673123487,
    "weeks_played": 17,
    "total_picks": 255
  },
  "Mopar": {
    "skill_level": 0.7078125,
    "crowd_following": 0.5,
    "confidence_following": 0.46875,
    "accuracy": 0.6796875,
    "efficiency": 0.7357212003872217,
    "weeks_played": 17,
    "total_picks": 256
  },
  "Hennything Possible": {
    "skill_level": 0.7329411764705882,
    "crowd_following": 0.5,
    "confidence_following": 0.47058823529411764,
    "accuracy": 0.7215686274509804,
    "efficiency": 0.7481769567331065,
    "weeks_played": 17,
    "total_picks": 255
  },
  "Balz Deep": {
    "skill_level": 0.70546875,
    "crowd_following": 0.5,
    "confidence_following": 0.46875,
    "accuracy": 0.67578125,
    "efficiency": 0.7241045498547919,
    "weeks_played": 17,
    "total_picks": 256
  },
  "OneNDone": {
    "skill_level": 0.72890625,
    "crowd_following": 0.5,
    "confidence_following": 0.46875,
    "accuracy": 0.71484375,
    "efficiency": 0.755566311713456,
    "weeks_played": 17,
    "total_picks": 256
  },
  "Ballbusters": {
    "skill_level": 0.7164705882352941,
    "crowd_following": 0.5,
    "confidence_following": 0.4666666666666667,
    "accuracy": 0.6941176470588235,
    "efficiency": 0.7559322033898305,
    "weeks_played": 17,
    "total_picks": 255
  },
  "Bfense": {
    "skill_level": 0.7150197628458498,
    "crowd_following": 0.5,
    "confidence_following": 0.47430830039525695,
    "accuracy": 0.691699604743083,
    "efficiency": 0.7355533790401567,
    "weeks_played": 17,
    "total_picks": 253
  },
  "#FlyTheW": {
    "skill_level": 0.65859375,
    "crowd_following": 0.5,
    "confidence_following": 0.46875,
    "accuracy": 0.59765625,
    "efficiency": 0.6752178121974831,
    "weeks_played": 17,
    "total_picks": 256
  },
  "Tone": {
    "skill_level": 0.69609375,
    "crowd_following": 0.5,
    "confidence_following": 0.46875,
    "accuracy": 0.66015625,
    "efficiency": 0.717812197483059,
    "weeks_played": 17,
    "total_picks": 256
  },
  "Bucky Swirving": {
    "skill_level": 0.7242187499999999,
    "crowd_following": 0.5,
    "confidence_following": 0.46875,
    "accuracy": 0.70703125,
    "efficiency": 0.7579864472410455,
    "weeks_played": 17,
    "total_picks": 256
  },
  "Johnsonmaia06": {
    "skill_level": 0.7305882352941176,
    "crowd_following": 0.5,
    "confidence_following": 0.4666666666666667,
    "accuracy": 0.7176470588235294,
    "efficiency": 0.7372013651877133,
    "weeks_played": 17,
    "total_picks": 255
  },
  "EChev": {
    "skill_level": 0.6890624999999999,
    "crowd_following": 0.5,
    "confidence_following": 0.46875,
    "accuracy": 0.6484375,
    "efficiency": 0.7057115198451114,
    "weeks_played": 17,
    "total_picks": 256
  },
  "Rent\u2019s Due Again": {
    "skill_level": 0.6634615384615384,
    "crowd_following": 0.5,
    "confidence_following": 0.451923076923077,
    "accuracy": 0.6057692307692307,
    "efficiency": 0.6546977857570317,
    "weeks_played": 17,
    "total_picks": 208
  },
  "TD's Nutz": {
    "skill_level": 0.70546875,
    "crowd_following": 0.5,
    "confidence_following": 0.46875,
    "accuracy": 0.67578125,
    "efficiency": 0.7226524685382382,
    "weeks_played": 17,
    "total_picks": 256
  },
  "Piru\u2019s Picks": {
    "skill_level": 0.71015625,
    "crowd_following": 0.5,
    "confidence_following": 0.46875,
    "accuracy": 0.68359375,
    "efficiency": 0.7454017424975798,
    "weeks_played": 17,
    "total_picks": 256
  },
  "Jason B": {
    "skill_level": 0.684375,
    "crowd_following": 0.5,
    "confidence_following": 0.46875,
    "accuracy": 0.640625,
    "efficiency": 0.7042594385285575,
    "weeks_played": 17,
    "total_picks": 256
  },
  "Dardanes": {
    "skill_level": 0.6920505296743085,
    "crowd_following": 0.4499998430645601,
    "confidence_following": 0.47430910476938576,
    "source": "sampled"
  },
  "Pay up $ucka!": {
    "skill_level": 0.7105916432608681,
    "crowd_following": 0.4772951791862251,
    "confidence_following": 0.47941888647752273,
    "source": "sampled"
  },
  "dbalz": {
    "skill_level": 0.7203015050662518,
    "crowd_following": 0.45811007624715755,
    "confidence_following": 0.4689294428544276,
    "source": "sampled"
  },
  "Do You Fell Lucky Punk": {
    "skill_level": 0.678929517436546,
    "crowd_following": 0.4859203313408749,
    "confidence_following": 0.4629599925103314,
    "source": "sampled"
  },
  "MainGangJefe": {
    "skill_level": 0.721371541337214,
    "crowd_following": 0.4872320124704697,
    "confidence_following": 0.48388394516385874,
    "source": "sampled"
  },
  "VT": {
    "skill_level": 0.7077683415144267,
    "crowd_following": 0.4799987018530436,
    "confidence_following": 0.47076213581684556,
    "source": "sampled"
  },
  "Brown$ 42": {
    "skill_level": 0.642490986773026,
    "crowd_following": 0.3890960805287315,
    "confidence_following": 0.4768312092102349,
    "source": "sampled"
  },
  "Comeback Szn": {
    "skill_level": 0.7202888054700742,
    "crowd_following": 0.6401822983611218,