{
  "player_skills": {
    "John K": {
      "skill_level": 0.6634854771784232,
      "crowd_following": 0.5,
      "confidence_following": 0.46473029045643155,
      "accuracy": 0.6058091286307054,
      "efficiency": 0.6895491803278688,
      "weeks_played": 17,
      "total_picks": 241
    },
    "Sutterbrown": {
      "skill_level": 0.73125,
      "crowd_following": 0.5,
      "confidence_following": 0.46875,
      "accuracy": 0.71875,
      "efficiency": 0.7599225556631172,
      "weeks_played": 17,
      "total_picks": 256
    },
    "OneNDone": {
      "skill_level": 0.72890625,
      "crowd_following": 0.5,
      "confidence_following": 0.46875,
      "accuracy": 0.71484375,
      "efficiency": 0.755566311713456,
      "weeks_played": 17,
      "total_picks": 256
    },
    "NoWayIGotMorePointsThenYou?!?!": {
      "skill_level": 0.7164705882352941,
      "crowd_following": 0.5,
      "confidence_following": 0.4666666666666667,
      "accuracy": 0.6941176470588235,
      "efficiency": 0.7365617433414043,
      "weeks_played": 17,
      "total_picks": 255
    },
    "Hennything Possible": {
      "skill_level": 0.7329411764705882,
      "crowd_following": 0.5,
      "confidence_following": 0.47058823529411764,
      "accuracy": 0.7215686274509804,
      "efficiency": 0.7481769567331065,
      "weeks_played": 17,
      "total_picks": 255
    },
    "Knoll34": {
      "skill_level": 0.71484375,
      "crowd_following": 0.5,
      "confidence_following": 0.5,
      "accuracy": 0.69140625,
      "efficiency": 0.7382278481012658,
      "weeks_played": 17,
      "total_picks": 256
    },
    "RICHDOG !!!!!!": {
      "skill_level": 0.7071428571428571,
      "crowd_following": 0.5,
      "confidence_following": 0.46031746031746035,
      "accuracy": 0.6785714285714286,
      "efficiency": 0.7212389380530974,
      "weeks_played": 17,
      "total_picks": 252
    },
    "Oski no 1": {
      "skill_level": 0.7124999999999999,
      "crowd_following": 0.5,
      "confidence_following": 0.46875,
      "accuracy": 0.6875,
      "efficiency": 0.7424975798644724,
      "weeks_played": 17,
      "total_picks": 256
    },
    "Lenzen": {
      "skill_level": 0.6793388429752065,
      "crowd_following": 0.5,
      "confidence_following": 0.47107438016528924,
      "accuracy": 0.6322314049586777,
      "efficiency": 0.6876267748478702,
      "weeks_played": 17,
      "total_picks": 242
    },
    "Jason B": {
      "skill_level": 0.684375,
      "crowd_following": 0.5,
      "confidence_following": 0.46875,
      "accuracy": 0.640625,
      "efficiency": 0.7042594385285575,
      "weeks_played": 17,
      "total_picks": 256
    },
    "TD's Nutz": {
      "skill_level": 0.70546875,
      "crowd_following": 0.5,
      "confidence_following": 0.46875,
      "accuracy": 0.67578125,
      "efficiency": 0.7226524685382382,
      "weeks_played": 17,
      "total_picks": 256
    },
    "Fishy Picks": {
      "skill_level": 0.71953125,
      "crowd_following": 0.5,
      "confidence_following": 0.46875,
      "accuracy": 0.69921875,
      "efficiency": 0.7599225556631172,
      "weeks_played": 17,
      "total_picks": 256
    },
    "Johnsonmaia06": {
      "skill_level": 0.7305882352941176,
      "crowd_following": 0.5,
      "confidence_following": 0.4666666666666667,
      "accuracy": 0.7176470588235294,
      "efficiency": 0.7372013651877133,
      "weeks_played": 17,
      "total_picks": 255
    },
    "Piru\u2019s Picks": {
      "skill_level": 0.71015625,
      "crowd_following": 0.5,
      "confidence_following": 0.46875,
      "accuracy": 0.68359375,
      "efficiency": 0.7454017424975798,
      "weeks_played": 17,
      "total_picks": 256
    },
    "Ballbusters": {
      "skill_level": 0.7164705882352941,
      "crowd_following": 0.5,
      "confidence_following": 0.4666666666666667,
      "accuracy": 0.6941176470588235,
      "efficiency": 0.7559322033898305,
      "weeks_played": 17,
      "total_picks": 255
    },
    "EChev": {
      "skill_level": 0.6890624999999999,
      "crowd_following": 0.5,
      "confidence_following": 0.46875,
      "accuracy": 0.6484375,
      "efficiency": 0.7057115198451114,
      "weeks_played": 17,
      "total_picks": 256
    },
    "thol1572": {
      "skill_level": 0.7153846153846153,
      "crowd_following": 0.5,
      "confidence_following": 0.4666666666666667,
      "accuracy": 0.6923076923076923,
      "efficiency": 0.7149178255372945,
      "weeks_played": 17,
      "total_picks": 195
    },
    "NFL in PINK": {
      "skill_level": 0.71953125,
      "crowd_following": 0.5,
      "confidence_following": 0.46875,
      "accuracy": 0.69921875,
      "efficiency": 0.7260406582768635,
      "weeks_played": 17,
      "total_picks": 256
    },
    "BFense": {
      "skill_level": 0.7150197628458498,
      "crowd_following": 0.5,
      "confidence_following": 0.47430830039525695,
      "accuracy": 0.691699604743083,
      "efficiency": 0.7355533790401567,
      "weeks_played": 17,
      "total_picks": 253
    },
    "9 inches": {
      "skill_level": 0.7127999999999999,
      "crowd_following": 0.5,
      "confidence_following": 0.468,
      "accuracy": 0.688,
      "efficiency": 0.7309417040358744,
      "weeks_played": 17,
      "total_picks": 250
    },
    "OB1": {
      "skill_level": 0.6929411764705882,
      "crowd_following": 0.5,
      "confidence_following": 0.4666666666666667,
      "accuracy": 0.6549019607843137,
      "efficiency": 0.7249394673123487,
      "weeks_played": 17,
      "total_picks": 255
    },
    "Mopar": {
      "skill_level": 0.7078125,
      "crowd_following": 0.5,
      "confidence_following": 0.46875,
      "accuracy": 0.6796875,
      "efficiency": 0.7357212003872217,
      "weeks_played": 17,
      "total_picks": 256
    },
    "Tone 3132": {
      "skill_level": 0.69609375,
      "crowd_following": 0.5,
      "confidence_following": 0.46875,
      "accuracy": 0.66015625,
      "efficiency": 0.717812197483059,
      "weeks_played": 17,
      "total_picks": 256
    },
    "Handsup": {
      "skill_level": 0.7124999999999999,
      "crowd_following": 0.5,
      "confidence_following": 0.46875,
      "accuracy": 0.6875,
      "efficiency": 0.749636803874092,
      "weeks_played": 17,
      "total_picks": 256
    },
    "#FlytheW": {
      "skill_level": 0.65859375,
      "crowd_following": 0.5,
      "confidence_following": 0.46875,
      "accuracy": 0.59765625,
      "efficiency": 0.6752178121974831,
      "weeks_played": 17,
      "total_picks": 256
    },
    "Brock": {
      "skill_level": 0.72890625,
      "crowd_following": 0.5,
      "confidence_following": 0.46875,
      "accuracy": 0.71484375,
      "efficiency": 0.755566311713456,
      "weeks_played": 17,
      "total_picks": 256
    },
    "DO YOU FEEL LUCKY PUNK": {
      "skill_level": 0.6883817427385892,
      "crowd_following": 0.5,
      "confidence_following": 0.4771784232365145,
      "accuracy": 0.6473029045643154,
      "efficiency": 0.7168367346938775,
      "weeks_played": 17,
      "total_picks": 241
    },
    "Omar": {
      "skill_level": 0.6976470588235294,
      "crowd_following": 0.5,
      "confidence_following": 0.4666666666666667,
      "accuracy": 0.6627450980392157,
      "efficiency": 0.7404358353510896,
      "weeks_played": 17,
      "total_picks": 255
    },
    "sawyer 0-4 Michigan owns day": {
      "skill_level": 0.6656249999999999,
      "crowd_following": 0.5,
      "confidence_following": 0.46875,
      "accuracy": 0.609375,
      "efficiency": 0.6727976766698935,
      "weeks_played": 17,
      "total_picks": 256
    },
    "Matt": {
      "skill_level": 0.7124999999999999,
      "crowd_following": 0.5,
      "confidence_following": 0.46875,
      "accuracy": 0.6875,
      "efficiency": 0.7197483059051307,
      "weeks_played": 17,
      "total_picks": 256
    },
    "Boats n Hoes": {
      "skill_level": 0.7117647058823529,
      "crowd_following": 0.5,